{"_wandb":{"runtime":4556},"epoch":20,"loss":0.005790772186897564,"_timestamp":1.736688724257449e+09,"_runtime":4354.349657,"_step":19}